,library,index,type,read_count
0,SG8,142,total_reads,2813
1,SG8,142,reads_with_guide,378
2,SG8,142,None,2435
0,SG8,143,total_reads,35958
1,SG8,143,reads_with_guide,28498
2,SG8,143,CTGGGTGAAGGCCCACCCG,9028
3,SG8,143,GCGGCATTACCTTTATTC,9587
4,SG8,143,None,7460
5,SG8,143,AGTAGAAGTCATCATCGGG,8560
0,SG8,144,total_reads,16282
1,SG8,144,reads_with_guide,13568
2,SG8,144,CGTCCACGTAATCCAAGAG,12812
3,SG8,144,None,2714
0,SG8,145,total_reads,30266
1,SG8,145,reads_with_guide,25483
2,SG8,145,None,4783
3,SG8,145,TGAGGAAGAATTGAACCAC,10428
4,SG8,145,CCACGTTTCCCATAAGTGG,13976
0,SG9,130,total_reads,497
1,SG9,130,reads_with_guide,156
2,SG9,130,None,341
0,SG9,131,total_reads,26048
1,SG9,131,reads_with_guide,21415
2,SG9,131,GTGCGTGAAATCGCTCT,1112
3,SG9,131,GAACATTGACCACATGCTG,10365
4,SG9,131,CTAGCCGTGGTCCAGGCGA,2303
5,SG9,131,None,4633
6,SG9,131,GTCAGACCACAGACTGCGT,6833
0,SG9,132,total_reads,22184
1,SG9,132,reads_with_guide,9733
2,SG9,132,None,12451
3,SG9,132,CTTTCTCCAGGAAAGGCGG,4886
4,SG9,132,GTAATCATCAGCGATCCCT,4477
0,SG9,133,total_reads,1765
1,SG9,133,reads_with_guide,108
2,SG9,133,None,1657
